,winrate,total_wins
greater_elo_win,0.6589104339796861,3568
lesser_elo_win,0.3379501385041551,1830
