,1-0,0-1,white_win_total,black_win_total
proportion,0.5305632502308403,0.4694367497691597,2873,2542
